_id,name,email,password,employeeId,role,isActive,joiningDate,createdAt,updatedAt,__v,department,hodLevel
68dcbf14912d3b806ce6df9b,System Administrator,admin@company.com,$2a$12$XFYpJCJzahggVAj7RXJcOeNsNZvJiW7y8QCxosNfwqaRCBO19pOLG,ADMIN001,admin,true,2025-10-01T05:41:40.643Z,2025-10-01T05:41:40.647Z,2025-10-01T05:41:40.647Z,0,,
68a942ff053530ee63a07892,DEEPALI GHOLEKAR,analyst@kisna.com,$2a$12$4wt5xO4hZg8zblHXddAZi.hTGJgLbFNlzmSMDHTwG5KZgIjFEj8vK,2994,employee,true,2025-08-23T04:26:39.034Z,2025-08-23T04:26:39.034Z,2025-08-25T06:19:26.884Z,0,68a8b5dffc5fa72db9a109ae,
68a94320053530ee63a07899,Pranav Falod,analyst@kisna.com,$2a$12$ksTLy2hgz62kKnTtK9GWR.bzjaFUX2d1GwV46bLJwZJ7pIZ9.Rrj2,10356,employee,true,2025-08-23T04:27:12.287Z,2025-08-23T04:27:12.288Z,2025-08-25T06:19:36.531Z,0,68a8b5dffc5fa72db9a109ae,
68a94869053530ee63a078a7,Sreerama Reddy,sreerama.reddy@kisna.com,$2a$12$ZAg3nwE5BMxop83hxmK8XO5bi.0YkzYvNyeGPDpof5uQ.RClyvJYW,5356,hod,true,2025-08-23T04:49:45.482Z,2025-08-23T04:49:45.483Z,2025-08-25T06:20:26.126Z,0,68a8b5d5fc5fa72db9a109a9,higher
68a948e5053530ee63a078ae,Dipak Kamble,qa@kisna.com,$2a$12$Os9sPM6v/tqw6b8u/z07Fe/0vVMpFvKXGAdTWcN6Jr8US2iJgLT36,7855,employee,true,2025-08-23T04:51:49.264Z,2025-08-23T04:51:49.265Z,2025-08-25T06:20:36.703Z,0,68a941f8053530ee63a07855,
68a9433f053530ee63a078a0,Shrushti Mehta,storeit@kisna.com,$2a$12$m1bvYgu6GNsqIHv.nuNeKO/61v5ojz9iAAFoSUBEklaj7VJrE.RWq,3151,employee,true,2025-08-23T04:27:43.453Z,2025-08-23T04:27:43.453Z,2025-08-25T06:19:50.504Z,0,68a94246053530ee63a0786a,
68a9490e053530ee63a078b5,Dikshant Buwa,dataanalysis5@kisna.com,$2a$12$V1Eu7a0Mt5V2JHYI9ru8R.uUHnp1rnwKC0bhqes5LdPCxxRJjubVe,10445,employee,true,2025-08-23T04:52:30.853Z,2025-08-23T04:52:30.854Z,2025-08-25T06:20:45.192Z,0,68a8b5e9fc5fa72db9a109b4,
68a94940053530ee63a078bc,Ashish Shrivastava,ashish.shrivastava@kisna.com,$2a$12$dxCYLIDg6ipb740igxp8VeYJcA0YweX.ulk54nPBYSNTujXcnf5.a,10311,hod,true,2025-08-23T04:53:20.902Z,2025-08-23T04:53:20.902Z,2025-08-25T06:20:57.517Z,0,68a8b5d5fc5fa72db9a109a9,higher
68a94a44053530ee63a078c3,DIPALI YESADE,softwaresupport@kisna.com,$2a$12$nZgGlmT0KJKrZ6hOmfk06eSetl8U37TTQctls9J74zW3NvARJ2JCW,10338,employee,true,2025-08-23T04:57:40.434Z,2025-08-23T04:57:40.435Z,2025-08-25T06:21:08.973Z,0,68a9421a053530ee63a0785c,
68a94a9e053530ee63a078d1,Pratima karale,programmer4@kisna.com,$2a$12$H/NpvVMBbSZfppgzxh2bm.j654HZsSSiIPht1w8GZb0PN6KunkSMe,5315,employee,true,2025-08-23T04:59:10.338Z,2025-08-23T04:59:10.338Z,2025-08-25T06:21:30.356Z,0,68a9353d053530ee63a0772c,
68a94b17053530ee63a078e6,Vipin Seni,vipin.s@kisna.com,$2a$12$xvfa3Ab3JRzbcaSFX7ka1OXtaGm5LCIxctPPLGY.Rg23jJX1bqrKu,10357,hod,true,2025-08-23T05:01:11.592Z,2025-08-23T05:01:11.593Z,2025-09-29T08:17:50.384Z,0,68a8b5d5fc5fa72db9a109a9,higher
68a94bc2053530ee63a07902,Gauri Gaikwad,kisnaforce.support@kisna.com,$2a$12$GFSyOlmk7uiX2hVHOGAI1.dKfNSjXlo5tPJjVEH5aTKjkdhBI/oB6,10245,employee,true,2025-08-23T05:04:02.522Z,2025-08-23T05:04:02.522Z,2025-08-25T06:28:22.595Z,0,68a9422f053530ee63a07863,
68a94be0053530ee63a07909,Parag Haria,programmer9@kisna.com,$2a$12$9OMvgJp7kLWGgMcPFa3aPeluI5ICLgcLJGpemCMO/wLhWohENzBR6,9977,employee,true,2025-08-23T05:04:32.352Z,2025-08-23T05:04:32.353Z,2025-08-25T06:28:37.940Z,0,68a9353d053530ee63a0772c,
68a94d9c053530ee63a07933,Kishor Kamble,programmer6@kisna.com,$2a$12$9Ac.b6LD1ElL8ZTHS1h0Z.VdaHDL7qQQMV.WTgwVHO5wHtkC6Ty.u,5406,employee,true,2025-08-23T05:11:56.487Z,2025-08-23T05:11:56.488Z,2025-08-25T06:30:10.254Z,0,68a9353d053530ee63a0772c,
68a94ad0053530ee63a078d8,Jayesh Nirala,jayesh.n@kisna.com,$2a$12$PQpCYqN1lmYufllgXVCVL.sbuvOTJNOATvir91mgcZR6L5vaLuqm2,7839,employee,true,2025-08-23T05:00:00.125Z,2025-08-23T05:00:00.126Z,2025-08-25T06:21:38.827Z,0,68a9426f053530ee63a07878,
68a94aea053530ee63a078df,Devendra Dharwar,ios@kisna.com,$2a$12$IhqvDe8TQc.RiWAvR5YILOI8BeTq6Ao74pe2oKCxF.lWwf2t/Y4gq,7661,employee,true,2025-08-23T05:00:26.751Z,2025-08-23T05:00:26.752Z,2025-08-25T06:22:09.368Z,0,68a941d6053530ee63a0784e,
68a94b40053530ee63a078ed,Kimaya Mandavkar,east.possupport@kisna.com,$2a$12$6qvq.WJ5hjUKaJNIYVBUUusgA9s5qJVci4FGLe3DlIdHT6/ml3u9e,10088,employee,true,2025-08-23T05:01:52.707Z,2025-08-23T05:01:52.708Z,2025-08-25T06:22:49.384Z,0,68a94246053530ee63a0786a,
68a94b62053530ee63a078f4,Arshdeep Singh,analyst@kisna.com,$2a$12$Ww5F7VYMat8FCrzASgf2d.P7ApKYl8xu.TyIazSj8C4mJ8y6s3ATG,10349,employee,true,2025-08-23T05:02:26.052Z,2025-08-23T05:02:26.053Z,2025-08-25T06:23:00.571Z,0,68a8b5dffc5fa72db9a109ae,
68a94b89053530ee63a078fb,Pooja Kandu,south.possupport@kisna.com,$2a$12$6nbA3/oDXiq.kz4dwX43k.BZvHbsY21OBD7tjs7aqD.kBuqnVBOBy,10181,employee,true,2025-08-23T05:03:05.084Z,2025-08-23T05:03:05.084Z,2025-08-25T06:23:12.854Z,0,68a94246053530ee63a0786a,
68a94c07053530ee63a07910,TEJASWINI ATHAWALE,tejaswini.a@kisna.com,$2a$12$UpKrU8y5i4MOdZbd4TXUz.G7W0e7dLxNQ4NHQj8OhSHvcRkK6Ofuy,10550,employee,true,2025-08-23T05:05:11.193Z,2025-08-23T05:05:11.194Z,2025-08-25T06:28:49.837Z,0,68a8b5e9fc5fa72db9a109b4,
68a94d0e053530ee63a0791e,Pragati Panhale,pragati.panhale@kisna.com,$2a$12$zutwuXOv1ENWPiZHHl5IBerw/AzjJztfxD74t05h/3/yQtj2Ts7ji,10669,employee,true,2025-08-23T05:09:34.969Z,2025-08-23T05:09:34.970Z,2025-09-29T08:52:25.936Z,0,68a8b5e9fc5fa72db9a109b4,
68a94dc7053530ee63a0793a,Pranav Pevekar,storeit@kisna.com,$2a$12$JUqX0yi0yDfJzUjUxYcDjuy3DFWahPqOmK3YeFI6qTCZ.jG9Wqg8u,10303,employee,true,2025-08-23T05:12:39.510Z,2025-08-23T05:12:39.511Z,2025-08-25T06:30:21.215Z,0,68a94246053530ee63a0786a,
68a94e2b053530ee63a0794f,Prasad Barvekar,prasadb@kisna.com,$2a$12$ZMFONv6DEr2p55cVZO4Gce7Qs.wa2SL3mTA2nimnnmBsRcvy5a.PW,5225,employee,true,2025-08-23T05:14:19.867Z,2025-08-23T05:14:19.867Z,2025-08-25T06:30:58.090Z,0,68a94256053530ee63a07871,
68a94e4a053530ee63a07956,Satish Shukla,prasadb@kisna.com,$2a$12$9P/.o3RPQPTBszzDbgG.2eMm.us1eAxGJxq8yJi2AyHMIlUsihzXi,10528,employee,true,2025-08-23T05:14:50.713Z,2025-08-23T05:14:50.714Z,2025-08-25T06:31:10.442Z,0,68a94256053530ee63a07871,
68a94d2d053530ee63a07925,Pradeep Giri,programmer7@kisna.com,$2a$12$kIOU8hRn76o/iaWtV7g9/eUPq8ufmBfM1/e5LfgEP.DFlGDY9Vadu,6565,employee,true,2025-08-23T05:10:05.635Z,2025-08-23T05:10:05.636Z,2025-08-25T06:29:44.777Z,0,68a9353d053530ee63a0772c,
68a94d6e053530ee63a0792c,VAIBHAV KUMAR,dataanalysis2@kisna.com,$2a$12$DhjA/cIB/VggiL/t1yQ6x.kOkAq59RkhfjWthqQeGFsGbPVHC9LvK,10231,employee,true,2025-08-23T05:11:10.948Z,2025-08-23T05:11:10.949Z,2025-08-25T06:29:59.483Z,0,68a8b5e9fc5fa72db9a109b4,
68a94e07053530ee63a07948,Aman Trivedi,analyst@kisna.com,$2a$12$E7Wk7YQvXqtxNM.WUX/lj.RXHyY.7CN0HXoD4v5tnCT1nut8jJ20.,10376,employee,true,2025-08-23T05:13:43.617Z,2025-08-23T05:13:43.617Z,2025-08-25T06:30:44.576Z,0,68a8b5dffc5fa72db9a109ae,
68a94a6c053530ee63a078ca,Shashwat Choure,shashwat.choure@kisna.com,$2a$12$7ZaJA6yPgt/gkKTFmDsaQuTn00siH/lafz0O4Fic/iu7PWfe4fU6e,7606,employee,true,2025-08-23T04:58:20.452Z,2025-08-23T04:58:20.453Z,2025-08-25T06:21:19.673Z,0,68a941f8053530ee63a07855,
68a94c89053530ee63a07917,Sumit Deorepatil,sumit.d@kisna.com,$2a$12$4.wQHhla.tHTSUGohibmx.9BkBnrATb/hYXGd2JAmQaEbKvabeF8y,461,employee,true,2025-08-23T05:07:21.924Z,2025-08-23T05:07:21.924Z,2025-08-25T06:29:03.876Z,0,68a9422f053530ee63a07863,
68a94de5053530ee63a07941,Meet Mehta,meet.mehta@kisna.com,$2a$12$W7mVbnlHZprvFZb68esXb.xG7rCtyI9Z1G1ct9ltwtnMQ3GwjjWJ2,6546,employee,true,2025-08-23T05:13:09.569Z,2025-08-23T05:13:09.569Z,2025-09-29T08:52:00.637Z,0,68a8b5e9fc5fa72db9a109b4,
68b145d0a0346d613c9e3e80,Anita Stany Serrao,anita.d@kisna.com,$2a$12$1/xpxDgqVlX6zkH347RSDurocNLqOvuz/bv1mQQFtF8t6vEBD3sQy,10156,hod,true,2025-08-29T06:16:48.135Z,2025-08-29T06:16:48.136Z,2025-08-29T06:55:13.922Z,0,68b1423ba0346d613c9e3e65,higher
68a950b7053530ee63a07964,Keshav Yadav,keshav@kisna.com,$2a$12$U4zIiT7OlSRy3JluF2NKNe0FWDB1Ff52m/CNZ.UUcD9Ph8PRHeS1.,222,employee,true,2025-08-23T05:25:11.330Z,2025-08-23T05:25:11.331Z,2025-08-25T06:31:24.100Z,0,68a94256053530ee63a07871,
68a95004053530ee63a0795d,Chintan Vekariya,chintan.v@kisna.com,$2a$12$AJ8fSjnPySjI6UG81g1bHuZ/OPA2zAb5cnkEfQJu36fgB8axMBMZO,459,employee,true,2025-08-23T05:22:12.576Z,2025-08-23T05:22:12.576Z,2025-08-25T06:20:10.420Z,0,68a9421a053530ee63a0785c,
68b14f54a0346d613c9e3eb8,Sanjeev Rathi,sanjeev.rathi@kisna.com,$2a$12$wLxivkhRjqnOVQaVf83dTOXYvfho5FcQo2bHdu2ZfwsyvHKOhZ4fG,10113,employee,true,2025-08-29T06:57:24.191Z,2025-08-29T06:57:24.191Z,2025-08-29T06:57:24.191Z,0,68b1423ba0346d613c9e3e65,
68b14f11a0346d613c9e3eaa,Pooja Bhatt,frtraining@kisna.com,$2a$12$QVnlrrPdMgcaUz67pN9YEeU96LjvdR4k4LXbbBJ21PDQWcs8N5bES,10082,employee,true,2025-08-29T06:56:17.284Z,2025-08-29T06:56:17.284Z,2025-08-29T06:56:17.284Z,0,68b1423ba0346d613c9e3e65,
68b14f26a0346d613c9e3eb1,Purushotham B,purushotham.b@kisna.com,$2a$12$U.rvrNK5iBR0zlJ2jQAsRuDGzyrw9vS2LK/V4DP7WOGVGYDtDoX5m,10913,employee,true,2025-08-29T06:56:38.250Z,2025-08-29T06:56:38.250Z,2025-08-29T06:56:38.250Z,0,68b1423ba0346d613c9e3e65,
68b14fb0a0346d613c9e3ecd,Warren Falcon,training1@kisna.com,$2a$12$Fcxc9hXpc5/S8xBn80lm..ywzyhbXq8pFgPSuCQmiTz8H5kHN2FAO,10609,employee,true,2025-08-29T06:58:56.575Z,2025-08-29T06:58:56.576Z,2025-08-29T06:58:56.576Z,0,68b14228a0346d613c9e3e5e,
68b14623a0346d613c9e3e87,Vinod Lala,vinod.l@kisna.com,$2a$12$UZrTl./G7S8OaKLAOboHNupqixIfBqKjcUISN81CUOInDMtNSRzm2,7781,employee,true,2025-08-29T06:18:11.256Z,2025-08-29T06:18:11.257Z,2025-08-29T06:18:11.257Z,0,68b1423ba0346d613c9e3e65,
68b14f7da0346d613c9e3ebf,Aman Tyagi,aman.tyagi@kisna.com,$2a$12$gcNAKXcJ2cYAtREouNYn5uNPTalCtDyllQJBM2jxHkx04i5bhnX4q,10962,employee,true,2025-08-29T06:58:05.000Z,2025-08-29T06:58:05.001Z,2025-08-29T06:58:05.001Z,0,68b1423ba0346d613c9e3e65,
68b14f97a0346d613c9e3ec6,Mangesh Bhakre,training_old@kisna.com,$2a$12$gAnz2dBx.Db2BJSgL7isHeXj4L67OWP.6zpwdRzx2G9/Wbad/OM/W,10040,employee,true,2025-08-29T06:58:31.594Z,2025-08-29T06:58:31.594Z,2025-09-05T05:04:41.964Z,0,68b14228a0346d613c9e3e5e,
68dd0c369aebc7bd69ad5182,Priyanka Sinha,priyanka.s@kisna.com,$2a$12$Pv/M1AxVj6j1RNFsTU7Abu5qtMkoPlYXntwVhIxTzvcgMsR7uKO1S,10337,employee,true,2025-10-01T11:10:46.100Z,2025-10-01T11:10:46.104Z,2025-10-01T11:10:46.104Z,0,68dcc1e3912d3b806ce6dfdc,
68dd0c849aebc7bd69ad5189,Chitrangad Bareja,chitrangad.b@kisna.com,$2a$12$Xz1apGGmva55VBFiWrdTwuNy3iBx02xVU.liDeo1J2rrfx5Sm4vC6,10406,hod,true,2025-10-01T11:12:04.698Z,2025-10-01T11:12:04.698Z,2025-10-01T11:12:04.698Z,0,68dcc1e3912d3b806ce6dfdc,higher
68dd0cee9aebc7bd69ad5190,Supriya,supriya.k@kisna.com,$2a$12$OIRGJ4rQO0xhOu97.rJNg.rQ.Cn3YR8JZF0lF4iTUsHoygrVaveDC,10282,employee,true,2025-10-01T11:13:50.208Z,2025-10-01T11:13:50.209Z,2025-10-01T11:13:50.209Z,0,68dcc1e3912d3b806ce6dfdc,
